<?xml version="1.0" encoding="UTF-8" standalone="yes"?>
<tempoReportHaul xmlns:a="http://www.appian.com/ae/types/2009">
    <versionUuid>83076b93-553e-412c-987a-34d662bb9977</versionUuid>
    <tempoReport a:uuid="041c7d81-a972-417c-a5bf-7ad5abf7136f" name="GRAD_Report_LinearGradientDesigner">
        <a:description>Report wrapper to expose GRAD_Interface_LinearGradientDesigner in the Site</a:description>
        <a:uiExpr>=#"_a-0000e4ce-d11d-8000-16d1-01ef9001ef90_12102"()</a:uiExpr>
        <a:urlStub>pCdy3w</a:urlStub>
    </tempoReport>
    <roleMap>
        <role name="report_viewer">
            <users/>
            <groups>
                <groupUuid>_e-0000d398-70cf-8000-9aee-01075c01075c_6</groupUuid>
            </groups>
        </role>
    </roleMap>
    <history>
        <historyInfo versionUuid="ea830361-4994-4cd1-9a01-4206bc33de97"/>
        <historyInfo versionUuid="83076b93-553e-412c-987a-34d662bb9977"/>
    </history>
</tempoReportHaul>
