<?xml version="1.0" encoding="UTF-8" standalone="yes"?>
<tempoReportHaul xmlns:a="http://www.appian.com/ae/types/2009">
    <versionUuid>d19be66f-b3c7-4c26-8ee4-0ca26451e89e</versionUuid>
    <tempoReport a:uuid="c0fd6462-62d0-4bd1-9e07-7f7c5ce7e807" name="GRAD_Report_BillboardGradientDesigner">
        <a:description>Report wrapper to expose GRAD_Interface_BillboardGradientDesigner in the Site</a:description>
        <a:uiExpr>=#"350d73bf-33e7-4c6e-923b-d356d57eb4f5"()</a:uiExpr>
        <a:urlStub>_gGW0g</a:urlStub>
    </tempoReport>
    <roleMap>
        <role name="report_viewer">
            <users/>
            <groups>
                <groupUuid>_e-0000d398-70cf-8000-9aee-01075c01075c_6</groupUuid>
            </groups>
        </role>
    </roleMap>
    <history>
        <historyInfo versionUuid="b0da9cd6-d32c-4540-ad9b-80484e41e4fb"/>
        <historyInfo versionUuid="d19be66f-b3c7-4c26-8ee4-0ca26451e89e"/>
    </history>
</tempoReportHaul>
