<?xml version="1.0" encoding="UTF-8" standalone="yes"?>
<contentHaul xmlns:a="http://www.appian.com/ae/types/2009">
    <versionUuid>_a-0000e4ce-d11d-8000-16d1-01ef9001ef90_25605</versionUuid>
    <rule>
        <name>GRAD_Interface_BillboardGradientDesigner</name>
        <uuid>350d73bf-33e7-4c6e-923b-d356d57eb4f5</uuid>
        <description>Main Interface for the Billboard Gradient Designer</description>
        <parentUuid>_a-0000e4ce-d11d-8000-16d1-01ef9001ef90_11011</parentUuid>
        <visibility>
            <advertise>false</advertise>
            <hierarchy>true</hierarchy>
            <indexable>true</indexable>
            <quota>false</quota>
            <searchable>true</searchable>
            <system>false</system>
            <unlogged>false</unlogged>
        </visibility>
        <definition>a!localVariables(
  local!hexGaugeColor: #"_a-0000e4ce-d11d-8000-16d1-01ef9001ef90_14297",
  
  local!hexTopColor: #"_a-0000e4ce-d11d-8000-16d1-01ef9001ef90_14285",
  local!hexBottomColor: #"_a-0000e4ce-d11d-8000-16d1-01ef9001ef90_14291",
  local!billboardHeight: "SHORT",
  local!customWidth: 2000,
  local!customHeight: 175,
  
  local!overlayType: "FULL",
  
  local!withOverlay: true,
  local!overlayStyle: "NONE",
  
  #"SYSTEM_SYSRULES_headerContentLayout"(
    header: {
      #"SYSTEM_SYSRULES_billboardLayout_v1"(
        backgroundMedia: #"SYSTEM_SYSRULES_documentImage"(
          document: #"_a-0000e4ce-d11d-8000-16d1-01ef9001ef90_11697"(
            hexTopColor: local!hexTopColor,
            hexBottomColor: local!hexBottomColor,
            billboardHeight: local!billboardHeight,
            customWidth: local!customWidth,
            customHeight: local!customHeight,
            targetFolder: #"_a-0000e4ce-d11d-8000-16d1-01ef9001ef90_11030"
          )
        ),
        backgroundColor: "#000000",
        height: local!billboardHeight,
        marginBelow: "NONE",
        overlay: #"SYSTEM_SYSRULES_fullOverlay"(
          alignVertical: "MIDDLE",
          contents: #"_a-0000e4ce-d11d-8000-16d1-01ef9001ef90_11946"(
            gaugeFillColor: local!hexGaugeColor
          ),
          showWhen: local!withOverlay,
          style: local!overlayStyle
        )
      )
    },
    contents: {
      #"SYSTEM_SYSRULES_columnsLayout"(
        columns: {
          #"SYSTEM_SYSRULES_columnLayout"(
            contents: {
              #"SYSTEM_SYSRULES_richTextDisplayField"(
                labelPosition: "COLLAPSED",
                value: {
                  #"SYSTEM_SYSRULES_richTextHeader"(
                    text: "Settings"
                  )
                },
                align: "CENTER"
              ),
              #"SYSTEM_SYSRULES_cardLayout"(
                contents: {
                  #"SYSTEM_SYSRULES_radioButtonField"(
                    label: "Billboard Height",
                    labelPosition: "ABOVE",
                    choiceLabels: {"SHORT", "MEDIUM", "TALL", "AUTO"},
                    choiceValues: {"SHORT", "MEDIUM", "TALL", "AUTO"},
                    value: local!billboardHeight,
                    saveInto: local!billboardHeight,
                    choiceLayout: "STACKED",
                    validations: {}
                  ),
                  #"SYSTEM_SYSRULES_integerField"(
                    label: "Custom Width",
                    labelPosition: "ABOVE",
                    value: local!customWidth,
                    saveInto: local!customWidth,
                    refreshAfter: "UNFOCUS",
                    showWhen: local!billboardHeight = "AUTO",
                    validations: {}
                  ),
                  #"SYSTEM_SYSRULES_integerField"(
                    label: "Custom Height",
                    labelPosition: "ABOVE",
                    value: local!customHeight,
                    saveInto: local!customHeight,
                    refreshAfter: "UNFOCUS",
                    showWhen: local!billboardHeight = "AUTO",
                    validations: {}
                  )
                },
                style: "NONE",
                height: "TALL",
                marginBelow: "STANDARD"
              )
            },
            width: "NARROW"
          ),
          #"SYSTEM_SYSRULES_columnLayout"(
            contents: {
              #"SYSTEM_SYSRULES_richTextDisplayField"(
                labelPosition: "COLLAPSED",
                value: {
                  #"SYSTEM_SYSRULES_richTextHeader"(
                    text: {
                      "Colors"
                    }
                  )
                },
                align: "CENTER"
              ),
              #"SYSTEM_SYSRULES_columnsLayout"(
                columns: {
                  #"SYSTEM_SYSRULES_columnLayout"(
                    contents: {
                      colorPicker(
                        label: "Top Color",
                        labelPosition: "ABOVE",
                        validations: {},
                        height: "AUTO",
                        colorValue: local!hexTopColor,
                        colorSaveInto: local!hexTopColor
                      )
                    }
                  ),
                  #"SYSTEM_SYSRULES_columnLayout"(
                    contents: {
                      colorPicker(
                        label: "Bottom Color",
                        labelPosition: "ABOVE",
                        validations: {},
                        height: "AUTO",
                        colorValue: local!hexBottomColor,
                        colorSaveInto: local!hexBottomColor
                      )
                    }
                  ),
                  #"SYSTEM_SYSRULES_columnLayout"(
                    contents: {
                      colorPicker(
                        label: "Gauge Color",
                        labelPosition: "ABOVE",
                        validations: {},
                        height: "AUTO",
                        colorValue: local!hexGaugeColor,
                        colorSaveInto: local!hexGaugeColor
                      )
                    }
                  )
                },
                spacing: "DENSE"
              )
            }
          ),
          #"SYSTEM_SYSRULES_columnLayout"(
            contents: {
              #"SYSTEM_SYSRULES_richTextDisplayField"(
                labelPosition: "COLLAPSED",
                value: {
                  #"SYSTEM_SYSRULES_richTextHeader"(
                    text: {
                      "SAIL Expression"
                    }
                  )
                },
                align: "CENTER"
              ),
              
              #"_a-0000e4ce-d11d-8000-16d1-01ef9001ef90_20858"(
                hexTopColor: local!hexTopColor,
                hexBottomColor: local!hexBottomColor,
                billboardHeight: local!billboardHeight,
                customWidth: local!customWidth,
                customHeight: local!customHeight
              )
            },
            width: "MEDIUM"
          )
        },
        spacing: "DENSE"
      )
    }
  )
)</definition>
        <preferredEditor>interface</preferredEditor>
        <offlineEnabled>false</offlineEnabled>
    </rule>
    <roleMap public="true">
        <role inherit="true" allowForAll="false" name="readers">
            <users/>
            <groups/>
        </role>
        <role inherit="true" allowForAll="false" name="authors">
            <users/>
            <groups/>
        </role>
        <role inherit="true" allowForAll="false" name="administrators">
            <users/>
            <groups/>
        </role>
        <role inherit="false" allowForAll="false" name="denyReaders">
            <users/>
            <groups/>
        </role>
        <role inherit="false" allowForAll="false" name="denyAuthors">
            <users/>
            <groups/>
        </role>
        <role inherit="false" allowForAll="false" name="denyAdministrators">
            <users/>
            <groups/>
        </role>
    </roleMap>
    <history>
        <historyInfo versionUuid="_a-0000e4ce-d11d-8000-16d1-01ef9001ef90_21806"/>
        <historyInfo versionUuid="_a-0000e4ce-d11d-8000-16d1-01ef9001ef90_25605"/>
    </history>
</contentHaul>
