<?xml version="1.0" encoding="UTF-8" standalone="yes"?>
<contentHaul xmlns:a="http://www.appian.com/ae/types/2009">
    <versionUuid>_a-0000e4ce-d11d-8000-16d1-01ef9001ef90_26276</versionUuid>
    <rule>
        <name>GRAD_billboardGradientImage</name>
        <uuid>_a-0000e4ce-d11d-8000-16d1-01ef9001ef90_11697</uuid>
        <description>Wrapper expression rule for linearGradientImage() to simplify creation of a background gradient for a Billboard Layout</description>
        <parentUuid>_a-0000e4ce-d11d-8000-16d1-01ef9001ef90_11011</parentUuid>
        <visibility>
            <advertise>false</advertise>
            <hierarchy>true</hierarchy>
            <indexable>true</indexable>
            <quota>false</quota>
            <searchable>true</searchable>
            <system>false</system>
            <unlogged>false</unlogged>
        </visibility>
        <definition>a!localVariables(
  local!hexTopColor: ri!hexTopColor,
  local!hexBottomColor: ri!hexBottomColor,
  local!billboardHeight: ri!billboardHeight,
  local!customWidth: if(isnull(ri!customWidth), 0, ri!customWidth),
  local!customHeight: if(isnull(ri!customHeight), 0, ri!customHeight),
  local!targetFolder: if(isnull(ri!targetFolder), #"_a-0000e4ce-d11d-8000-16d1-01ef9001ef90_11030", ri!targetFolder),

  linearGradientImage(
    { local!hexTopColor, local!hexBottomColor },
    { 0.1, 0.9 },
    if(local!billboardHeight = "AUTO", local!customWidth, 3840),
    if(local!billboardHeight = "AUTO", local!customHeight, #"f8516c78-1a0f-4fdb-bc83-4467b4ecec3d"(billboardHeight: local!billboardHeight)),
    false,
    local!targetFolder
  )
)</definition>
        <namedTypedValue>
            <name>hexTopColor</name>
            <type>
                <name>string</name>
                <namespace>http://www.w3.org/2001/XMLSchema</namespace>
            </type>
            <value/>
        </namedTypedValue>
        <namedTypedValue>
            <name>hexBottomColor</name>
            <type>
                <name>string</name>
                <namespace>http://www.w3.org/2001/XMLSchema</namespace>
            </type>
            <value/>
        </namedTypedValue>
        <namedTypedValue>
            <name>billboardHeight</name>
            <type>
                <name>string</name>
                <namespace>http://www.w3.org/2001/XMLSchema</namespace>
            </type>
            <value/>
        </namedTypedValue>
        <namedTypedValue>
            <name>customWidth</name>
            <type>
                <name>int</name>
                <namespace>http://www.w3.org/2001/XMLSchema</namespace>
            </type>
        </namedTypedValue>
        <namedTypedValue>
            <name>customHeight</name>
            <type>
                <name>int</name>
                <namespace>http://www.w3.org/2001/XMLSchema</namespace>
            </type>
        </namedTypedValue>
        <namedTypedValue>
            <name>targetFolder</name>
            <type>
                <name>CollaborationFolder</name>
                <namespace>http://www.appian.com/ae/types/2009</namespace>
            </type>
        </namedTypedValue>
        <preferredEditor>legacy</preferredEditor>
        <offlineEnabled>false</offlineEnabled>
    </rule>
    <roleMap public="true">
        <role inherit="true" allowForAll="false" name="readers">
            <users/>
            <groups/>
        </role>
        <role inherit="true" allowForAll="false" name="authors">
            <users/>
            <groups/>
        </role>
        <role inherit="true" allowForAll="false" name="administrators">
            <users/>
            <groups/>
        </role>
        <role inherit="false" allowForAll="false" name="denyReaders">
            <users/>
            <groups/>
        </role>
        <role inherit="false" allowForAll="false" name="denyAuthors">
            <users/>
            <groups/>
        </role>
        <role inherit="false" allowForAll="false" name="denyAdministrators">
            <users/>
            <groups/>
        </role>
    </roleMap>
    <history>
        <historyInfo versionUuid="_a-0000e4ce-d11d-8000-16d1-01ef9001ef90_15679"/>
        <historyInfo versionUuid="_a-0000e4ce-d11d-8000-16d1-01ef9001ef90_26276"/>
    </history>
</contentHaul>
