<?xml version="1.0" encoding="UTF-8" standalone="yes"?>
<contentHaul xmlns:a="http://www.appian.com/ae/types/2009">
    <versionUuid>_a-0000e4ce-d11d-8000-16d1-01ef9001ef90_25526</versionUuid>
    <rule>
        <name>GRAD_Component_GradientDesignerSail</name>
        <uuid>_a-0000e4ce-d11d-8000-16d1-01ef9001ef90_20502</uuid>
        <description>Generates a pretty looking SAIL Expression for the selected gradient designer settings</description>
        <parentUuid>_a-0000e4ce-d11d-8000-16d1-01ef9001ef90_11011</parentUuid>
        <visibility>
            <advertise>false</advertise>
            <hierarchy>true</hierarchy>
            <indexable>true</indexable>
            <quota>false</quota>
            <searchable>true</searchable>
            <system>false</system>
            <unlogged>false</unlogged>
        </visibility>
        <definition>#"SYSTEM_SYSRULES_richTextDisplayField"(
  labelPosition: "COLLAPSED",
  value: {
    #"SYSTEM_SYSRULES_richTextItem_v1"(
      text: {
        #"SYSTEM_SYSRULES_richTextItem_v1"(text: "rule!GRAD_linearGradientImage", color: "#FF812B"),
        "(",
        char(10),

        #"SYSTEM_SYSRULES_richTextItem_v1"(text: "  hexColors: ", color: "#999999"),
        "{ ",
        #"SYSTEM_SYSRULES_richTextItem_v1"(text: """" &amp; joinarray(ri!colors.hexColor, """, """) &amp; """", color: "#9269C9"),
        " },",
        char(10),

        #"SYSTEM_SYSRULES_richTextItem_v1"(text: "  distribution: ", color: "#999999"),
        "{ ",
        #"SYSTEM_SYSRULES_richTextItem_v1"(text: joinarray(ri!colors.dist, ", "), color: "#005BD0"),
        " },",
        char(10),

        #"SYSTEM_SYSRULES_richTextItem_v1"(text: "  width: ", color: "#999999"),
        #"SYSTEM_SYSRULES_richTextItem_v1"(text: ri!width, color: "#005BD0"),
        ",",
        char(10),

        #"SYSTEM_SYSRULES_richTextItem_v1"(text: "  height: ", color: "#999999"),
        #"SYSTEM_SYSRULES_richTextItem_v1"(text: ri!height, color: "#005BD0"),
        ",",
        char(10),

        #"SYSTEM_SYSRULES_richTextItem_v1"(text: "  horizontal: ", color: "#999999"),
        #"SYSTEM_SYSRULES_richTextItem_v1"(text: tostring(ri!horizontal), color: "#005BD0"),
        ",",
        char(10),

        #"SYSTEM_SYSRULES_richTextItem_v1"(text: "  targetFolder: ", color: "#999999"),
        #"SYSTEM_SYSRULES_richTextItem_v1"(text: "cons!GRAD_FOLDER_DEFAULT", color: "#FF812B"),
        ",",
        char(10),

        ")"
      },
      size: "STANDARD"
    )
  }
)</definition>
        <namedTypedValue>
            <name>colors</name>
            <type>
                <name>Variant</name>
                <namespace>http://www.appian.com/ae/types/2009</namespace>
            </type>
        </namedTypedValue>
        <namedTypedValue>
            <name>width</name>
            <type>
                <name>int</name>
                <namespace>http://www.w3.org/2001/XMLSchema</namespace>
            </type>
        </namedTypedValue>
        <namedTypedValue>
            <name>height</name>
            <type>
                <name>int</name>
                <namespace>http://www.w3.org/2001/XMLSchema</namespace>
            </type>
        </namedTypedValue>
        <namedTypedValue>
            <name>horizontal</name>
            <type>
                <name>boolean</name>
                <namespace>http://www.w3.org/2001/XMLSchema</namespace>
            </type>
        </namedTypedValue>
        <preferredEditor>interface</preferredEditor>
        <offlineEnabled>false</offlineEnabled>
    </rule>
    <roleMap public="true">
        <role inherit="true" allowForAll="false" name="readers">
            <users/>
            <groups/>
        </role>
        <role inherit="true" allowForAll="false" name="authors">
            <users/>
            <groups/>
        </role>
        <role inherit="true" allowForAll="false" name="administrators">
            <users/>
            <groups/>
        </role>
        <role inherit="false" allowForAll="false" name="denyReaders">
            <users/>
            <groups/>
        </role>
        <role inherit="false" allowForAll="false" name="denyAuthors">
            <users/>
            <groups/>
        </role>
        <role inherit="false" allowForAll="false" name="denyAdministrators">
            <users/>
            <groups/>
        </role>
    </roleMap>
    <typedValue>
        <type>
            <name>RuleTestConfig?list</name>
            <namespace>http://www.appian.com/ae/types/2009</namespace>
        </type>
        <value>
            <el>
                <a:name/>
                <a:ruleInputTestConfigs>
                    <a:value xmlns:xsi="http://www.w3.org/2001/XMLSchema-instance" xsi:type="a:Expression">#"_a-0000e4ce-d11d-8000-16d1-01ef9001ef90_17142"()</a:value>
                    <a:nameRef>colors</a:nameRef>
                    <a:id>1</a:id>
                </a:ruleInputTestConfigs>
                <a:ruleInputTestConfigs>
                    <a:value xmlns:xsd="http://www.w3.org/2001/XMLSchema" xmlns:xsi="http://www.w3.org/2001/XMLSchema-instance" xsi:type="xsd:int">500</a:value>
                    <a:nameRef>width</a:nameRef>
                    <a:id>2</a:id>
                </a:ruleInputTestConfigs>
                <a:ruleInputTestConfigs>
                    <a:value xmlns:xsd="http://www.w3.org/2001/XMLSchema" xmlns:xsi="http://www.w3.org/2001/XMLSchema-instance" xsi:type="xsd:int">200</a:value>
                    <a:nameRef>height</a:nameRef>
                    <a:id>3</a:id>
                </a:ruleInputTestConfigs>
                <a:ruleInputTestConfigs>
                    <a:value xmlns:xsd="http://www.w3.org/2001/XMLSchema" xmlns:xsi="http://www.w3.org/2001/XMLSchema-instance" xsi:type="xsd:boolean">false</a:value>
                    <a:nameRef>horizontal</a:nameRef>
                    <a:id>4</a:id>
                </a:ruleInputTestConfigs>
                <a:assertions xmlns:xsi="http://www.w3.org/2001/XMLSchema-instance" xsi:nil="true"/>
            </el>
        </value>
    </typedValue>
    <history>
        <historyInfo versionUuid="_a-0000e4ce-d11d-8000-16d1-01ef9001ef90_21565"/>
        <historyInfo versionUuid="_a-0000e4ce-d11d-8000-16d1-01ef9001ef90_25526"/>
    </history>
</contentHaul>
