<?xml version="1.0" encoding="UTF-8" standalone="yes"?>
<contentHaul xmlns:a="http://www.appian.com/ae/types/2009">
    <versionUuid>_a-0000e4ce-d11d-8000-16d1-01ef9001ef90_26680</versionUuid>
    <rule>
        <name>GRAD_Interface_GradientColorCard</name>
        <uuid>_a-0000e4ce-d11d-8000-16d1-01ef9001ef90_14779</uuid>
        <description>Represents one color in a gradient in the Linear Gradient Designer</description>
        <parentUuid>_a-0000e4ce-d11d-8000-16d1-01ef9001ef90_11011</parentUuid>
        <visibility>
            <advertise>false</advertise>
            <hierarchy>true</hierarchy>
            <indexable>true</indexable>
            <quota>false</quota>
            <searchable>true</searchable>
            <system>false</system>
            <unlogged>false</unlogged>
        </visibility>
        <definition>a!localVariables(
  local!edit: false,

  /* Convenience variables */                            
  local!deleteEnabled: count(ri!colors) &gt; 2,
  
  local!linkColor: #"_a-0000e4ce-d11d-8000-16d1-01ef9001ef90_14882"(hexColor: ri!colors[ri!index].hexColor),
  local!dimColor: if(local!linkColor = "#000000", "#777777", "#BBBBBB"),
  
  local!filteredDist: #"7d6240ff-8e47-4574-8510-61fe844223da"(
    colors: ri!colors,
    index: ri!index
  ),
  
  local!tempDist,
  
  {
    #"SYSTEM_SYSRULES_cardLayout"(
      contents: {
        #"SYSTEM_SYSRULES_columnsLayout"(
          columns: {
            #"SYSTEM_SYSRULES_columnLayout"(
              contents: {
                #"SYSTEM_SYSRULES_columnsLayout"(
                  columns: {
                    #"SYSTEM_SYSRULES_columnLayout"(
                      contents: {
                        #"SYSTEM_SYSRULES_sideBySideLayout"(
                          items: {
                            #"SYSTEM_SYSRULES_sideBySideItem"(
                              item: #"SYSTEM_SYSRULES_richTextDisplayField"(
                                labelPosition: "COLLAPSED",
                                value: {
                                  #"SYSTEM_SYSRULES_richTextIcon"(
                                    icon: if(local!edit, "check", "pencil"),
                                    link: #"SYSTEM_SYSRULES_dynamicLink"(
                                      value: not(local!edit),
                                      saveInto: local!edit
                                    ),
                                    linkStyle: "STANDALONE",
                                    color: local!linkColor,
                                    size: "MEDIUM_PLUS"
                                  )
                                }
                              ),
                              width: "MINIMIZE"
                            ),
                            #"SYSTEM_SYSRULES_sideBySideItem"(
                              item: #"SYSTEM_SYSRULES_richTextDisplayField"(
                                labelPosition: "COLLAPSED",
                                value: {
                                  #"SYSTEM_SYSRULES_richTextItem_v1"(
                                    text: ri!colors[ri!index].hexColor &amp; " ",
                                    color: local!linkColor,
                                    size: "MEDIUM_PLUS",
                                    style: {"STRONG"}
                                  )
                                }
                              )
                            )
                          }
                        )
                      },
                      width: "AUTO"
                    )
                  }
                )
              }
            ),
            #"SYSTEM_SYSRULES_columnLayout"(
              contents: {
                #"SYSTEM_SYSRULES_sideBySideLayout"(
                  items: {                      
                    #"SYSTEM_SYSRULES_sideBySideItem"(
                      item: #"SYSTEM_SYSRULES_dropdownField"(
                        label: "Distribution",
                        labelPosition: "COLLAPSED",
                        placeholderLabel: "Distribution",
                        choiceLabels: #"SYSTEM_SYSRULES_forEach"(
                          items: local!filteredDist,
                          expression: text(fv!item, "0%")
                        ),
                        choiceValues: local!filteredDist,
                        value: ri!colors[ri!index].dist,
                        saveInto: {
                          ri!colors[ri!index].dist,
                          
                          /* Sort the colors array here */
                          a!save(ri!colors, #"_a-0000e4ce-d11d-8000-16d1-01ef9001ef90_26600"(ri!colors))
                          
                        },
                        required: true
                      )
                    ),
                    #"SYSTEM_SYSRULES_sideBySideItem"(
                      item: #"SYSTEM_SYSRULES_richTextDisplayField"(
                        labelPosition: "COLLAPSED",
                        value: {
                          #"SYSTEM_SYSRULES_richTextIcon"(
                            icon: "times",
                            link: #"SYSTEM_SYSRULES_dynamicLink"(
                              saveInto: {
                                a!save(ri!colors, remove(ri!colors, ri!index))
                              },
                              showWhen: local!deleteEnabled
                            ),
                            linkStyle: "STANDALONE",
                            color: if(
                              local!deleteEnabled,
                              local!linkColor,
                              local!dimColor
                            ),
                            size: "MEDIUM_PLUS"
                          )
                        }
                      ),
                      width: "MINIMIZE"
                    )
                  }
                )
              },
              width: "NARROW"
            )
          }
        ),
        colorPicker(
          label: "Color Picker",
          labelPosition: "COLLAPSED",
          height: "AUTO",
          showWhen: local!edit,
          colorValue: ri!colors[ri!index].hexColor,
          colorSaveInto: a!save(ri!colors[ri!index].hexColor, upper(save!value))
        )
      },
      style: ri!colors[ri!index].hexColor,
      height: "AUTO",
      marginBelow: "NONE",
      showBorder: false
    )
  }
)</definition>
        <namedTypedValue>
            <name>colors</name>
            <type>
                <name>Variant</name>
                <namespace>http://www.appian.com/ae/types/2009</namespace>
            </type>
        </namedTypedValue>
        <namedTypedValue>
            <name>index</name>
            <type>
                <name>int</name>
                <namespace>http://www.w3.org/2001/XMLSchema</namespace>
            </type>
        </namedTypedValue>
        <preferredEditor>interface</preferredEditor>
        <offlineEnabled>false</offlineEnabled>
    </rule>
    <roleMap public="true">
        <role inherit="true" allowForAll="false" name="readers">
            <users/>
            <groups/>
        </role>
        <role inherit="true" allowForAll="false" name="authors">
            <users/>
            <groups/>
        </role>
        <role inherit="true" allowForAll="false" name="administrators">
            <users/>
            <groups/>
        </role>
        <role inherit="false" allowForAll="false" name="denyReaders">
            <users/>
            <groups/>
        </role>
        <role inherit="false" allowForAll="false" name="denyAuthors">
            <users/>
            <groups/>
        </role>
        <role inherit="false" allowForAll="false" name="denyAdministrators">
            <users/>
            <groups/>
        </role>
    </roleMap>
    <typedValue>
        <type>
            <name>RuleTestConfig?list</name>
            <namespace>http://www.appian.com/ae/types/2009</namespace>
        </type>
        <value>
            <el>
                <a:name/>
                <a:ruleInputTestConfigs>
                    <a:value xmlns:xsi="http://www.w3.org/2001/XMLSchema-instance" xsi:type="a:Expression">#"_a-0000e4ce-d11d-8000-16d1-01ef9001ef90_17142"()</a:value>
                    <a:nameRef>colors</a:nameRef>
                    <a:id>1</a:id>
                </a:ruleInputTestConfigs>
                <a:ruleInputTestConfigs>
                    <a:value xmlns:xsd="http://www.w3.org/2001/XMLSchema" xmlns:xsi="http://www.w3.org/2001/XMLSchema-instance" xsi:type="xsd:int">2</a:value>
                    <a:nameRef>index</a:nameRef>
                    <a:id>2</a:id>
                </a:ruleInputTestConfigs>
                <a:assertions xmlns:xsi="http://www.w3.org/2001/XMLSchema-instance" xsi:nil="true"/>
            </el>
        </value>
    </typedValue>
    <history>
        <historyInfo versionUuid="_a-0000e4ce-d11d-8000-16d1-01ef9001ef90_23455"/>
        <historyInfo versionUuid="_a-0000e4ce-d11d-8000-16d1-01ef9001ef90_25693"/>
        <historyInfo versionUuid="_a-0000e4ce-d11d-8000-16d1-01ef9001ef90_26680"/>
    </history>
</contentHaul>
