<?xml version="1.0" encoding="UTF-8" standalone="yes"?>
<contentHaul xmlns:a="http://www.appian.com/ae/types/2009">
    <versionUuid>_a-0000e4ce-d11d-8000-16d1-01ef9001ef90_27049</versionUuid>
    <rule>
        <name>GRAD_getExampleGradients</name>
        <uuid>_a-0000e4ce-d11d-8000-16d1-01ef9001ef90_21841</uuid>
        <description>Returns a collection of sample gradient patterns</description>
        <parentUuid>_a-0000e4ce-d11d-8000-16d1-01ef9001ef90_11011</parentUuid>
        <visibility>
            <advertise>false</advertise>
            <hierarchy>true</hierarchy>
            <indexable>true</indexable>
            <quota>false</quota>
            <searchable>true</searchable>
            <system>false</system>
            <unlogged>false</unlogged>
        </visibility>
        <definition>{
  { colors: { { hexColor: "#D61414", dist: 0.00 }, { hexColor: "#FFC800", dist: 0.20 }, { hexColor: "#FFE700", dist: 0.40 }, { hexColor: "#14E014", dist: 0.55 }, { hexColor: "#001EFF", dist: 0.70 }, { hexColor: "#4B0082", dist: 0.85 }, { hexColor: "#EE82EE", dist: 1.00 } } },
  { colors: { { hexColor: "#3B5998", dist: 0.00 }, { hexColor: "#8B9DC3", dist: 0.25 }, { hexColor: "#F7F7F7", dist: 0.50 }, { hexColor: "#FFFFFF", dist: 0.75 }, { hexColor: "#DFE3EE", dist: 1.00 } } },
  { colors: { { hexColor: "#0E1A40", dist: 0.00 }, { hexColor: "#222F5B", dist: 0.25 }, { hexColor: "#5D5D5D", dist: 0.55 }, { hexColor: "#946B2D", dist: 0.75 }, { hexColor: "#946B2D", dist: 0.85 }, { hexColor: "#000000", dist: 1.00 } } },
  { colors: { { hexColor: "#DC6900", dist: 0.10 }, { hexColor: "#EB8C00", dist: 0.40 }, { hexColor: "#EB8C00", dist: 0.70 }, { hexColor: "#E0301E", dist: 0.80 }, { hexColor: "#A32020", dist: 0.90 }, { hexColor: "#602320", dist: 1.00 } } },
  { colors: { { hexColor: "#D9534F", dist: 0.00 }, { hexColor: "#F9F9F9", dist: 0.30 }, { hexColor: "#5BC0DE", dist: 0.65 }, { hexColor: "#428BCA", dist: 1.00 } } },
  { colors: { { hexColor: "#CC3300", dist: 0.00 }, { hexColor: "#FF9966", dist: 0.25 }, { hexColor: "#FFCC00", dist: 0.50 }, { hexColor: "#99CC33", dist: 0.75 }, { hexColor: "#339900", dist: 1.00 } } },
  { colors: { { hexColor: "#001EFF", dist: 0.00 }, { hexColor: "#4DEEEA", dist: 0.25 }, { hexColor: "#A8FFD2", dist: 0.60 } } },
}  </definition>
        <preferredEditor>legacy</preferredEditor>
        <offlineEnabled>false</offlineEnabled>
    </rule>
    <roleMap public="true">
        <role inherit="true" allowForAll="false" name="readers">
            <users/>
            <groups/>
        </role>
        <role inherit="true" allowForAll="false" name="authors">
            <users/>
            <groups/>
        </role>
        <role inherit="true" allowForAll="false" name="administrators">
            <users/>
            <groups/>
        </role>
        <role inherit="false" allowForAll="false" name="denyReaders">
            <users/>
            <groups/>
        </role>
        <role inherit="false" allowForAll="false" name="denyAuthors">
            <users/>
            <groups/>
        </role>
        <role inherit="false" allowForAll="false" name="denyAdministrators">
            <users/>
            <groups/>
        </role>
    </roleMap>
    <history>
        <historyInfo versionUuid="_a-0000e4ce-d11d-8000-16d1-01ef9001ef90_24721"/>
        <historyInfo versionUuid="_a-0000e4ce-d11d-8000-16d1-01ef9001ef90_25423"/>
        <historyInfo versionUuid="_a-0000e4ce-d11d-8000-16d1-01ef9001ef90_27049"/>
    </history>
</contentHaul>
