<?xml version="1.0" encoding="UTF-8" standalone="yes"?>
<contentHaul xmlns:a="http://www.appian.com/ae/types/2009">
    <versionUuid>_a-0000e4ce-d11d-8000-16d1-01ef9001ef90_14894</versionUuid>
    <rule>
        <name>GRAD_textColorForHex</name>
        <uuid>_a-0000e4ce-d11d-8000-16d1-01ef9001ef90_14882</uuid>
        <description>Given a hex color, determines if text on top of it would be better as black or white</description>
        <parentUuid>_a-0000e4ce-d11d-8000-16d1-01ef9001ef90_11011</parentUuid>
        <visibility>
            <advertise>false</advertise>
            <hierarchy>true</hierarchy>
            <indexable>true</indexable>
            <quota>false</quota>
            <searchable>true</searchable>
            <system>false</system>
            <unlogged>false</unlogged>
        </visibility>
        <definition>a!localVariables(
  hex: if(len(ri!hexColor) = 7, right(ri!hexColor, 6), ri!hexColor),

  R: hex2dec(left(hex, 2)),
  G: hex2dec(right(left(hex, 4), 2)),
  B: hex2dec(right(hex, 2)),
  
  if(
    (R * 0.299 + G * 0.587 + B * 0.114) &gt; 186,
    "#000000",
    "#ffffff"
  )
)</definition>
        <namedTypedValue>
            <name>hexColor</name>
            <type>
                <name>string</name>
                <namespace>http://www.w3.org/2001/XMLSchema</namespace>
            </type>
            <value/>
        </namedTypedValue>
        <preferredEditor>legacy</preferredEditor>
        <offlineEnabled>false</offlineEnabled>
    </rule>
    <roleMap public="true">
        <role inherit="true" allowForAll="false" name="readers">
            <users/>
            <groups/>
        </role>
        <role inherit="true" allowForAll="false" name="authors">
            <users/>
            <groups/>
        </role>
        <role inherit="true" allowForAll="false" name="administrators">
            <users/>
            <groups/>
        </role>
        <role inherit="false" allowForAll="false" name="denyReaders">
            <users/>
            <groups/>
        </role>
        <role inherit="false" allowForAll="false" name="denyAuthors">
            <users/>
            <groups/>
        </role>
        <role inherit="false" allowForAll="false" name="denyAdministrators">
            <users/>
            <groups/>
        </role>
    </roleMap>
    <history>
        <historyInfo versionUuid="_a-0000e4ce-d11d-8000-16d1-01ef9001ef90_14894"/>
    </history>
</contentHaul>
