<?xml version="1.0" encoding="UTF-8" standalone="yes"?>
<contentHaul xmlns:a="http://www.appian.com/ae/types/2009">
    <versionUuid>_a-0000e4ce-d11d-8000-16d1-01ef9001ef90_25515</versionUuid>
    <rule>
        <name>GRAD_Component_BillboardDesignerSail</name>
        <uuid>_a-0000e4ce-d11d-8000-16d1-01ef9001ef90_20858</uuid>
        <description>Generates a pretty looking SAIL Expression for the selected Billboard gradient settings</description>
        <parentUuid>_a-0000e4ce-d11d-8000-16d1-01ef9001ef90_11011</parentUuid>
        <visibility>
            <advertise>false</advertise>
            <hierarchy>true</hierarchy>
            <indexable>true</indexable>
            <quota>false</quota>
            <searchable>true</searchable>
            <system>false</system>
            <unlogged>false</unlogged>
        </visibility>
        <definition>#"SYSTEM_SYSRULES_richTextDisplayField"(
  labelPosition: "COLLAPSED",
  value: {
    #"SYSTEM_SYSRULES_richTextItem_v1"(
      text: {
        #"SYSTEM_SYSRULES_richTextItem_v1"(
          text: "a!headerContentLayout(
  header: {
    a!billboardLayout(
      backgroundMedia: a!documentImage(
        document: ",
          color: "#dddddd"
        ),
            
        #"SYSTEM_SYSRULES_richTextItem_v1"(text: "rule!GRAD_billboardGradientImage", color: "#FF812B"),
        "(",
        char(10),

        #"SYSTEM_SYSRULES_richTextItem_v1"(text: "            hexTopColor: ", color: "#999999"),
        #"SYSTEM_SYSRULES_richTextItem_v1"(text: """" &amp; ri!hexTopColor &amp; """", color: "#9269C9"),
        char(10),
        
        #"SYSTEM_SYSRULES_richTextItem_v1"(text: "            hexBottomColor: ", color: "#999999"),
        #"SYSTEM_SYSRULES_richTextItem_v1"(text: """" &amp; ri!hexBottomColor &amp; """", color: "#9269C9"),
        char(10),
        
        #"SYSTEM_SYSRULES_richTextItem_v1"(text: "            billboardHeight: ", color: "#999999"),
        #"SYSTEM_SYSRULES_richTextItem_v1"(text: """" &amp; ri!billboardHeight &amp; """", color: "#9269C9"),
        char(10),

        if(
          ri!billboardHeight &lt;&gt; "AUTO",
          "",
          {
            #"SYSTEM_SYSRULES_richTextItem_v1"(text: "            customWidth: ", color: "#999999"),
            #"SYSTEM_SYSRULES_richTextItem_v1"(text: ri!customWidth, color: "#005BD0"),
            ",",
            char(10),
    
            #"SYSTEM_SYSRULES_richTextItem_v1"(text: "            customHeight: ", color: "#999999"),
            #"SYSTEM_SYSRULES_richTextItem_v1"(text: ri!customHeight, color: "#005BD0"),
            ",",
            char(10)
          }
        ),

        #"SYSTEM_SYSRULES_richTextItem_v1"(text: "            targetFolder: ", color: "#999999"),
        #"SYSTEM_SYSRULES_richTextItem_v1"(text: "cons!GRAD_FOLDER_DEFAULT", color: "#FF812B"),
        ",",
        char(10),

        "          )",
        char(10),

        #"SYSTEM_SYSRULES_richTextItem_v1"(
          text: {
            "        ),",
            char(10),
            "        ..."
          },
          color: "#dddddd"
        )
        
      },
      size: "STANDARD"
    )
  }
)</definition>
        <namedTypedValue>
            <name>hexTopColor</name>
            <type>
                <name>string</name>
                <namespace>http://www.w3.org/2001/XMLSchema</namespace>
            </type>
            <value/>
        </namedTypedValue>
        <namedTypedValue>
            <name>hexBottomColor</name>
            <type>
                <name>string</name>
                <namespace>http://www.w3.org/2001/XMLSchema</namespace>
            </type>
            <value/>
        </namedTypedValue>
        <namedTypedValue>
            <name>billboardHeight</name>
            <type>
                <name>string</name>
                <namespace>http://www.w3.org/2001/XMLSchema</namespace>
            </type>
            <value/>
        </namedTypedValue>
        <namedTypedValue>
            <name>customWidth</name>
            <type>
                <name>int</name>
                <namespace>http://www.w3.org/2001/XMLSchema</namespace>
            </type>
        </namedTypedValue>
        <namedTypedValue>
            <name>customHeight</name>
            <type>
                <name>int</name>
                <namespace>http://www.w3.org/2001/XMLSchema</namespace>
            </type>
        </namedTypedValue>
        <preferredEditor>interface</preferredEditor>
        <offlineEnabled>false</offlineEnabled>
    </rule>
    <roleMap public="true">
        <role inherit="true" allowForAll="false" name="readers">
            <users/>
            <groups/>
        </role>
        <role inherit="true" allowForAll="false" name="authors">
            <users/>
            <groups/>
        </role>
        <role inherit="true" allowForAll="false" name="administrators">
            <users/>
            <groups/>
        </role>
        <role inherit="false" allowForAll="false" name="denyReaders">
            <users/>
            <groups/>
        </role>
        <role inherit="false" allowForAll="false" name="denyAuthors">
            <users/>
            <groups/>
        </role>
        <role inherit="false" allowForAll="false" name="denyAdministrators">
            <users/>
            <groups/>
        </role>
    </roleMap>
    <typedValue>
        <type>
            <name>RuleTestConfig?list</name>
            <namespace>http://www.appian.com/ae/types/2009</namespace>
        </type>
        <value>
            <el>
                <a:name/>
                <a:ruleInputTestConfigs>
                    <a:value xmlns:xsd="http://www.w3.org/2001/XMLSchema" xmlns:xsi="http://www.w3.org/2001/XMLSchema-instance" xsi:type="xsd:string"/>
                    <a:nameRef>hexTopColor</a:nameRef>
                    <a:id>1</a:id>
                </a:ruleInputTestConfigs>
                <a:ruleInputTestConfigs>
                    <a:value xmlns:xsd="http://www.w3.org/2001/XMLSchema" xmlns:xsi="http://www.w3.org/2001/XMLSchema-instance" xsi:type="xsd:string"/>
                    <a:nameRef>hexBottomColor</a:nameRef>
                    <a:id>2</a:id>
                </a:ruleInputTestConfigs>
                <a:ruleInputTestConfigs>
                    <a:value xmlns:xsd="http://www.w3.org/2001/XMLSchema" xmlns:xsi="http://www.w3.org/2001/XMLSchema-instance" xsi:type="xsd:string"/>
                    <a:nameRef>billboardHeight</a:nameRef>
                    <a:id>3</a:id>
                </a:ruleInputTestConfigs>
                <a:ruleInputTestConfigs>
                    <a:value xmlns:xsd="http://www.w3.org/2001/XMLSchema" xmlns:xsi="http://www.w3.org/2001/XMLSchema-instance" xsi:nil="true" xsi:type="xsd:int"/>
                    <a:nameRef>customWidth</a:nameRef>
                    <a:id>4</a:id>
                </a:ruleInputTestConfigs>
                <a:ruleInputTestConfigs>
                    <a:value xmlns:xsd="http://www.w3.org/2001/XMLSchema" xmlns:xsi="http://www.w3.org/2001/XMLSchema-instance" xsi:nil="true" xsi:type="xsd:int"/>
                    <a:nameRef>customHeight</a:nameRef>
                    <a:id>5</a:id>
                </a:ruleInputTestConfigs>
                <a:assertions xmlns:xsi="http://www.w3.org/2001/XMLSchema-instance" xsi:nil="true"/>
            </el>
        </value>
    </typedValue>
    <history>
        <historyInfo versionUuid="_a-0000e4ce-d11d-8000-16d1-01ef9001ef90_21581"/>
        <historyInfo versionUuid="_a-0000e4ce-d11d-8000-16d1-01ef9001ef90_25515"/>
    </history>
</contentHaul>
