<?xml version="1.0" encoding="UTF-8" standalone="yes"?>
<contentHaul xmlns:a="http://www.appian.com/ae/types/2009">
    <versionUuid>_a-0000e4ce-d11d-8000-16d1-01ef9001ef90_25617</versionUuid>
    <rule>
        <name>GRAD_Interface_DefaultBillboardOverlayContent</name>
        <uuid>_a-0000e4ce-d11d-8000-16d1-01ef9001ef90_11946</uuid>
        <description>Provides some nice looking content for the Billboard Gradient Designer</description>
        <parentUuid>_a-0000e4ce-d11d-8000-16d1-01ef9001ef90_11011</parentUuid>
        <visibility>
            <advertise>false</advertise>
            <hierarchy>true</hierarchy>
            <indexable>true</indexable>
            <quota>false</quota>
            <searchable>true</searchable>
            <system>false</system>
            <unlogged>false</unlogged>
        </visibility>
        <definition>{
  #"SYSTEM_SYSRULES_columnsLayout"(
    columns: {
      #"SYSTEM_SYSRULES_columnLayout"(
        contents: {
          #"SYSTEM_SYSRULES_sideBySideLayout"(
            items: {
              #"SYSTEM_SYSRULES_sideBySideItem"(
                item: #"SYSTEM_SYSRULES_richTextDisplayField"(
                  label: "Rich Text",
                  labelPosition: "COLLAPSED",
                  value: {}
                ),
                width: "MINIMIZE"
              ),
              #"SYSTEM_SYSRULES_sideBySideItem"(
                item: #"SYSTEM_SYSRULES_richTextDisplayField"(
                  label: "Rich Text",
                  labelPosition: "COLLAPSED",
                  value: {
                    #"SYSTEM_SYSRULES_richTextItem_v1"(
                      text: {
                        "WELCOME,"
                      },
                      color: "#ffffff",
                      size: "MEDIUM_PLUS",
                      style: "STRONG"
                    ),
                    char(10),
                    #"SYSTEM_SYSRULES_richTextItem_v1"(
                      text: {
                        upper(user(loggedInUser(),"firstName")&amp; " " &amp; user(loggedInUser(),"lastName"))
                      },
                      color: "#FFFFFF",
                      size: "STANDARD"
                    )
                  }
                ),
                width: "MINIMIZE"
              ),
              #"SYSTEM_SYSRULES_sideBySideItem"(
                item: #"SYSTEM_SYSRULES_richTextDisplayField"(
                  label: "Rich Text",
                  labelPosition: "COLLAPSED",
                  value: {}
                ),
                width: "MINIMIZE"
              ),
              #"SYSTEM_SYSRULES_sideBySideItem"(
                item: #"SYSTEM_SYSRULES_tagField"(
                  label: "Tag Field",
                  labelPosition: "COLLAPSED",
                  tags: {
                    #"SYSTEM_SYSRULES_tagItem"(
                      text: "Vice President",
                      backgroundColor: "SECONDARY"
                    )
                  }
                )
              )
            },
            alignvertical: "MIDDLE"
          )
        },
        width: "AUTO"
      ),
      #"SYSTEM_SYSRULES_columnLayout"(
        contents: {
          #"SYSTEM_SYSRULES_columnsLayout"(
            columns: {
              #"SYSTEM_SYSRULES_columnLayout"(
                contents: {
                  #"SYSTEM_SYSRULES_richTextDisplayField"(
                    label: "Rich Text",
                    labelPosition: "COLLAPSED",
                    value: {
                      #"SYSTEM_SYSRULES_richTextItem_v1"(
                        text: {
                          "OPEN REQUESTS"
                        },
                        color: "#ffffff",
                        size: "MEDIUM",
                        style: {
                          "STRONG"
                        }
                      ),
                      char(10),
                      char(10),
                      #"SYSTEM_SYSRULES_richTextItem_v1"(
                        text: {
                          "NEW REQUEST(S)"
                        },
                        color: "#ffffff"
                      )
                    }
                  ),
                  #"SYSTEM_SYSRULES_tagField"(
                    label: "Tag Field",
                    labelPosition: "COLLAPSED",
                    tags: {
                      #"SYSTEM_SYSRULES_tagItem"(
                        text: "+52%",
                        backgroundColor: "POSITIVE"
                      )
                    },
                    size: "SMALL"
                  )
                }
              ),
              #"SYSTEM_SYSRULES_columnLayout"(
                contents: {
                  #"SYSTEM_SYSRULES_gaugeField"(
                    label: "Gauge",
                    labelPosition: "COLLAPSED",
                    percentage: 50.0,
                    primaryText: "13",
                    secondaryText: "RECENT",
                    color: ri!gaugeFillColor,
                    size: "SMALL"
                  )
                }
              )
            },
            alignVertical: "MIDDLE"
          )
        }
      ),
      #"SYSTEM_SYSRULES_columnLayout"(
        contents: {
          #"SYSTEM_SYSRULES_columnsLayout"(
            columns: {
              #"SYSTEM_SYSRULES_columnLayout"(
                contents: {
                  #"SYSTEM_SYSRULES_richTextDisplayField"(
                    label: "Rich Text",
                    labelPosition: "COLLAPSED",
                    value: {
                      #"SYSTEM_SYSRULES_richTextItem_v1"(
                        text: {
                          "SETTLED REQUESTS"
                        },
                        color: "#ffffff",
                        size: "MEDIUM",
                        style: {
                          "STRONG"
                        }
                      ),
                      char(10),
                      char(10),
                      #"SYSTEM_SYSRULES_richTextItem_v1"(
                        text: {
                          "TODAY VS YESTERDAY"
                        },
                        color: "#ffffff"
                      )
                    }
                  ),
                  #"SYSTEM_SYSRULES_tagField"(
                    label: "Tag Field",
                    labelPosition: "COLLAPSED",
                    tags: {
                      #"SYSTEM_SYSRULES_tagItem"(
                        text: "-11%",
                        backgroundColor: "NEGATIVE"
                      )
                    },
                    size: "SMALL"
                  )
                }
              ),
              #"SYSTEM_SYSRULES_columnLayout"(
                contents: {
                  #"SYSTEM_SYSRULES_gaugeField"(
                    label: "Gauge",
                    labelPosition: "COLLAPSED",
                    percentage: 80.0,
                    primaryText: "8",
                    secondaryText: "RECENT",
                    color: ri!gaugeFillColor,
                    size: "SMALL"
                  )
                }
              )
            },
            alignVertical: "MIDDLE"
          )
        }
      ),
      #"SYSTEM_SYSRULES_columnLayout"(
        contents: {
          #"SYSTEM_SYSRULES_columnsLayout"(
            columns: {
              #"SYSTEM_SYSRULES_columnLayout"(
                contents: {
                  #"SYSTEM_SYSRULES_richTextDisplayField"(
                    label: "Rich Text",
                    labelPosition: "COLLAPSED",
                    value: {
                      #"SYSTEM_SYSRULES_richTextItem_v1"(
                        text: {
                          "AVE TIME (MIN)"
                        },
                        color: "#ffffff",
                        size: "MEDIUM",
                        style: {
                          "STRONG"
                        }
                      ),
                      char(10),
                      char(10),
                      #"SYSTEM_SYSRULES_richTextItem_v1"(
                        text: {
                          "TODAY VS YESTERDAY"
                        },
                        color: "#ffffff"
                      )
                    }
                  ),
                  #"SYSTEM_SYSRULES_tagField"(
                    label: "Tag Field",
                    labelPosition: "COLLAPSED",
                    tags: {
                      #"SYSTEM_SYSRULES_tagItem"(
                        text: "+52%",
                        backgroundColor: "POSITIVE"
                      )
                    },
                    size: "SMALL"
                  )
                }
              ),
              #"SYSTEM_SYSRULES_columnLayout"(
                contents: {
                  #"SYSTEM_SYSRULES_gaugeField"(
                    label: "Gauge",
                    labelPosition: "COLLAPSED",
                    percentage: 18.0,
                    primaryText: "2",
                    secondaryText: "RECENT",
                    color: ri!gaugeFillColor,
                    size: "SMALL"
                  )
                }
              )
            },
            alignVertical: "MIDDLE"
          )
        }
      )
    },
    alignVertical: "MIDDLE",
    showDividers: true
  )
}</definition>
        <namedTypedValue>
            <name>gaugeFillColor</name>
            <type>
                <name>string</name>
                <namespace>http://www.w3.org/2001/XMLSchema</namespace>
            </type>
            <value/>
        </namedTypedValue>
        <preferredEditor>interface</preferredEditor>
        <offlineEnabled>false</offlineEnabled>
    </rule>
    <roleMap public="true">
        <role inherit="true" allowForAll="false" name="readers">
            <users/>
            <groups/>
        </role>
        <role inherit="true" allowForAll="false" name="authors">
            <users/>
            <groups/>
        </role>
        <role inherit="true" allowForAll="false" name="administrators">
            <users/>
            <groups/>
        </role>
        <role inherit="false" allowForAll="false" name="denyReaders">
            <users/>
            <groups/>
        </role>
        <role inherit="false" allowForAll="false" name="denyAuthors">
            <users/>
            <groups/>
        </role>
        <role inherit="false" allowForAll="false" name="denyAdministrators">
            <users/>
            <groups/>
        </role>
    </roleMap>
    <history>
        <historyInfo versionUuid="_a-0000e4ce-d11d-8000-16d1-01ef9001ef90_13463"/>
        <historyInfo versionUuid="_a-0000e4ce-d11d-8000-16d1-01ef9001ef90_25617"/>
    </history>
</contentHaul>
