<?xml version="1.0" encoding="UTF-8" standalone="yes"?>
<contentHaul xmlns:a="http://www.appian.com/ae/types/2009">
    <versionUuid>_a-0000e4ce-d11d-8000-16d1-01ef9001ef90_17379</versionUuid>
    <constant>
        <name>GRAD_GRADIENT_DESIGNER_DISTRIBUTIONS</name>
        <uuid>_a-0000e4ce-d11d-8000-16d1-01ef9001ef90_17375</uuid>
        <description>The set of distributions allowed in the Gradient Designer</description>
        <parentUuid>_a-0000e4ce-d11d-8000-16d1-01ef9001ef90_11011</parentUuid>
        <visibility>
            <advertise>false</advertise>
            <hierarchy>true</hierarchy>
            <indexable>true</indexable>
            <quota>false</quota>
            <searchable>true</searchable>
            <system>false</system>
            <unlogged>false</unlogged>
        </visibility>
        <typedValue>
            <type>
                <name>Decimal?list</name>
                <namespace>http://www.appian.com/ae/types/2009</namespace>
            </type>
            <value>
                <el>0.0</el>
                <el>0.05</el>
                <el>0.1</el>
                <el>0.15</el>
                <el>0.2</el>
                <el>0.25</el>
                <el>0.3</el>
                <el>0.35</el>
                <el>0.4</el>
                <el>0.45</el>
                <el>0.5</el>
                <el>0.55</el>
                <el>0.6</el>
                <el>0.65</el>
                <el>0.7</el>
                <el>0.75</el>
                <el>0.8</el>
                <el>0.85</el>
                <el>0.9</el>
                <el>0.95</el>
                <el>1.0</el>
            </value>
        </typedValue>
        <isEnvironmentSpecific>false</isEnvironmentSpecific>
    </constant>
    <roleMap public="true">
        <role inherit="true" allowForAll="false" name="readers">
            <users/>
            <groups/>
        </role>
        <role inherit="true" allowForAll="false" name="authors">
            <users/>
            <groups/>
        </role>
        <role inherit="true" allowForAll="false" name="administrators">
            <users/>
            <groups/>
        </role>
        <role inherit="false" allowForAll="false" name="denyReaders">
            <users/>
            <groups/>
        </role>
        <role inherit="false" allowForAll="false" name="denyAuthors">
            <users/>
            <groups/>
        </role>
        <role inherit="false" allowForAll="false" name="denyAdministrators">
            <users/>
            <groups/>
        </role>
    </roleMap>
    <history>
        <historyInfo versionUuid="_a-0000e4ce-d11d-8000-16d1-01ef9001ef90_17379"/>
    </history>
</contentHaul>
