<?xml version="1.0" encoding="UTF-8" standalone="yes"?>
<contentHaul xmlns:a="http://www.appian.com/ae/types/2009">
    <versionUuid>_a-0000e4ce-d11d-8000-16d1-01ef9001ef90_25558</versionUuid>
    <constant>
        <name>GRAD_FOLDER_DEFAULT</name>
        <uuid>_a-0000e4ce-d11d-8000-16d1-01ef9001ef90_11030</uuid>
        <description>Pointer to the default folder where the Generate Gradient Image application stores generated images</description>
        <parentUuid>_a-0000e4ce-d11d-8000-16d1-01ef9001ef90_11011</parentUuid>
        <visibility>
            <advertise>false</advertise>
            <hierarchy>true</hierarchy>
            <indexable>true</indexable>
            <quota>false</quota>
            <searchable>true</searchable>
            <system>false</system>
            <unlogged>false</unlogged>
        </visibility>
        <typedValue>
            <type>
                <name>CollaborationFolder</name>
                <namespace>http://www.appian.com/ae/types/2009</namespace>
            </type>
            <value>_a-0000e4ce-d11d-8000-16d1-01ef9001ef90_11024</value>
        </typedValue>
        <isEnvironmentSpecific>false</isEnvironmentSpecific>
    </constant>
    <roleMap public="true">
        <role inherit="true" allowForAll="false" name="readers">
            <users/>
            <groups/>
        </role>
        <role inherit="true" allowForAll="false" name="authors">
            <users/>
            <groups/>
        </role>
        <role inherit="true" allowForAll="false" name="administrators">
            <users/>
            <groups/>
        </role>
        <role inherit="false" allowForAll="false" name="denyReaders">
            <users/>
            <groups/>
        </role>
        <role inherit="false" allowForAll="false" name="denyAuthors">
            <users/>
            <groups/>
        </role>
        <role inherit="false" allowForAll="false" name="denyAdministrators">
            <users/>
            <groups/>
        </role>
    </roleMap>
    <history>
        <historyInfo versionUuid="_a-0000e4ce-d11d-8000-16d1-01ef9001ef90_11034"/>
        <historyInfo versionUuid="_a-0000e4ce-d11d-8000-16d1-01ef9001ef90_25558"/>
    </history>
</contentHaul>
