<?xml version="1.0" encoding="UTF-8" standalone="yes"?>
<contentHaul xmlns:a="http://www.appian.com/ae/types/2009">
    <versionUuid>_a-0000e4ce-d11d-8000-16d1-01ef9001ef90_26078</versionUuid>
    <rule>
        <name>GRAD_Interface_DeleteCachedImagesEndForm</name>
        <uuid>_a-0000e4ce-d11d-8000-16d1-01ef9001ef90_26060</uuid>
        <description>End form for the process to delete all images in the Default Image Folder</description>
        <parentUuid>_a-0000e4ce-d11d-8000-16d1-01ef9001ef90_11011</parentUuid>
        <visibility>
            <advertise>false</advertise>
            <hierarchy>true</hierarchy>
            <indexable>true</indexable>
            <quota>false</quota>
            <searchable>true</searchable>
            <system>false</system>
            <unlogged>false</unlogged>
        </visibility>
        <definition>{
  #"SYSTEM_SYSRULES_richTextDisplayField"(
    label: "Rich Text",
    labelPosition: "COLLAPSED",
    value: {
      #"SYSTEM_SYSRULES_richTextHeader"(
        text: {
          " "
        },
        size: "LARGE"
      ),
      #"SYSTEM_SYSRULES_richTextHeader"(
        text: {
          "Deleted ",
          ri!count,
          " cached images"
        },
        size: "LARGE"
      ),
      #"SYSTEM_SYSRULES_richTextHeader"(
        text: {
          " "
        },
        size: "LARGE"
      )
    },
    align: "CENTER"
  ),
  #"SYSTEM_SYSRULES_ButtonArrayLayout"(
    buttons: {
      #"SYSTEM_SYSRULES_ButtonWidget"(
        label: "Ok",
        icon: "check",
        submit: true,
        size: "LARGE",
        style: "NORMAL"
      )
    },
    align: "CENTER"
  )
}</definition>
        <namedTypedValue>
            <name>count</name>
            <type>
                <name>int</name>
                <namespace>http://www.w3.org/2001/XMLSchema</namespace>
            </type>
        </namedTypedValue>
        <preferredEditor>interface</preferredEditor>
        <offlineEnabled>false</offlineEnabled>
    </rule>
    <roleMap public="true">
        <role inherit="true" allowForAll="false" name="readers">
            <users/>
            <groups/>
        </role>
        <role inherit="true" allowForAll="false" name="authors">
            <users/>
            <groups/>
        </role>
        <role inherit="true" allowForAll="false" name="administrators">
            <users/>
            <groups/>
        </role>
        <role inherit="false" allowForAll="false" name="denyReaders">
            <users/>
            <groups/>
        </role>
        <role inherit="false" allowForAll="false" name="denyAuthors">
            <users/>
            <groups/>
        </role>
        <role inherit="false" allowForAll="false" name="denyAdministrators">
            <users/>
            <groups/>
        </role>
    </roleMap>
    <history>
        <historyInfo versionUuid="_a-0000e4ce-d11d-8000-16d1-01ef9001ef90_26078"/>
    </history>
</contentHaul>
