<?xml version="1.0" encoding="UTF-8" standalone="yes"?>
<contentHaul xmlns:a="http://www.appian.com/ae/types/2009">
    <versionUuid>_a-0000e4ce-d11d-8000-16d1-01ef9001ef90_25628</versionUuid>
    <rule>
        <name>GRAD_Interface_DeleteCachedImagesStartForm</name>
        <uuid>_a-0000e4ce-d11d-8000-16d1-01ef9001ef90_15840</uuid>
        <description>Start form for the process to delete all images in the Default Image Folder</description>
        <parentUuid>_a-0000e4ce-d11d-8000-16d1-01ef9001ef90_11011</parentUuid>
        <visibility>
            <advertise>false</advertise>
            <hierarchy>true</hierarchy>
            <indexable>true</indexable>
            <quota>false</quota>
            <searchable>true</searchable>
            <system>false</system>
            <unlogged>false</unlogged>
        </visibility>
        <definition>{
  #"SYSTEM_SYSRULES_richTextDisplayField"(
    label: "Rich Text",
    labelPosition: "COLLAPSED",
    value: {
      #"SYSTEM_SYSRULES_richTextHeader"(
        text: {
          " "
        },
        size: "LARGE"
      ),
      #"SYSTEM_SYSRULES_richTextHeader"(
        text: {
          "Delete all cached images in the Default Image Folder?"
        },
        size: "LARGE"
      ),
      #"SYSTEM_SYSRULES_richTextHeader"(
        text: {
          " "
        },
        size: "LARGE"
      )
    },
    align: "CENTER"
  ),
  #"SYSTEM_SYSRULES_ButtonArrayLayout"(
    buttons: {
      #"SYSTEM_SYSRULES_ButtonWidget"(
        label: "Delete",
        icon: "times",
        submit: true,
        size: "LARGE",
        style: "DESTRUCTIVE"
      )
    },
    align: "CENTER"
  ),
  #"SYSTEM_SYSRULES_sectionLayout_v1"(
    label: "",
    contents: {},
    marginBelow: "STANDARD"
  ),
  #"SYSTEM_SYSRULES_columnsLayout"(
    columns: {
      #"SYSTEM_SYSRULES_columnLayout"(
        contents: {}
      ),
      #"SYSTEM_SYSRULES_columnLayout"(
        contents: {
          #"SYSTEM_SYSRULES_documentBrowserFieldColumns_v1"(
            label: "Folder Contents",
            labelPosition: "ABOVE",
            rootFolder: #"_a-0000e4ce-d11d-8000-16d1-01ef9001ef90_11030",
            height: "TALL"
          )
        }
      ),
      #"SYSTEM_SYSRULES_columnLayout"(
        contents: {}
      )
    }
  )
}</definition>
        <preferredEditor>interface</preferredEditor>
        <offlineEnabled>false</offlineEnabled>
    </rule>
    <roleMap public="true">
        <role inherit="true" allowForAll="false" name="readers">
            <users/>
            <groups/>
        </role>
        <role inherit="true" allowForAll="false" name="authors">
            <users/>
            <groups/>
        </role>
        <role inherit="true" allowForAll="false" name="administrators">
            <users/>
            <groups/>
        </role>
        <role inherit="false" allowForAll="false" name="denyReaders">
            <users/>
            <groups/>
        </role>
        <role inherit="false" allowForAll="false" name="denyAuthors">
            <users/>
            <groups/>
        </role>
        <role inherit="false" allowForAll="false" name="denyAdministrators">
            <users/>
            <groups/>
        </role>
    </roleMap>
    <history>
        <historyInfo versionUuid="_a-0000e4ce-d11d-8000-16d1-01ef9001ef90_15889"/>
        <historyInfo versionUuid="_a-0000e4ce-d11d-8000-16d1-01ef9001ef90_25628"/>
    </history>
</contentHaul>
