<?xml version="1.0" encoding="UTF-8" standalone="yes"?>
<contentHaul xmlns:a="http://www.appian.com/ae/types/2009">
    <versionUuid>_a-0000e4ce-d11d-8000-16d1-01ef9001ef90_25493</versionUuid>
    <folder>
        <name>Default Image Folder</name>
        <uuid>_a-0000e4ce-d11d-8000-16d1-01ef9001ef90_11024</uuid>
        <description>The default folder where the Generate Gradient Image application stores generated images</description>
        <parentUuid>_a-0000e4ce-d11d-8000-16d1-01ef9001ef90_11017</parentUuid>
        <visibility>
            <advertise>false</advertise>
            <hierarchy>true</hierarchy>
            <indexable>true</indexable>
            <quota>false</quota>
            <searchable>true</searchable>
            <system>false</system>
            <unlogged>false</unlogged>
        </visibility>
    </folder>
    <roleMap public="true">
        <role inherit="true" allowForAll="false" name="readers">
            <users/>
            <groups/>
        </role>
        <role inherit="true" allowForAll="false" name="authors">
            <users/>
            <groups/>
        </role>
        <role inherit="true" allowForAll="false" name="administrators">
            <users/>
            <groups/>
        </role>
        <role inherit="false" allowForAll="false" name="denyReaders">
            <users/>
            <groups/>
        </role>
        <role inherit="false" allowForAll="false" name="denyAuthors">
            <users/>
            <groups/>
        </role>
        <role inherit="false" allowForAll="false" name="denyAdministrators">
            <users/>
            <groups/>
        </role>
    </roleMap>
    <history>
        <historyInfo versionUuid="_a-0000e4ce-d11d-8000-16d1-01ef9001ef90_11028"/>
        <historyInfo versionUuid="_a-0000e4ce-d11d-8000-16d1-01ef9001ef90_25493"/>
    </history>
</contentHaul>
