<?xml version="1.0" encoding="UTF-8" standalone="yes"?>
<contentHaul xmlns:a="http://www.appian.com/ae/types/2009">
    <versionUuid>_a-0000e4ce-d11d-8000-16d1-01ef9001ef90_25791</versionUuid>
    <rule>
        <name>GRAD_Interface_LinearGradientDesigner</name>
        <uuid>_a-0000e4ce-d11d-8000-16d1-01ef9001ef90_12102</uuid>
        <description>Main Interface for the Linear Gradient Designer</description>
        <parentUuid>_a-0000e4ce-d11d-8000-16d1-01ef9001ef90_11011</parentUuid>
        <visibility>
            <advertise>false</advertise>
            <hierarchy>true</hierarchy>
            <indexable>true</indexable>
            <quota>false</quota>
            <searchable>true</searchable>
            <system>false</system>
            <unlogged>false</unlogged>
        </visibility>
        <definition>a!localVariables(
  local!width: 500,
  local!height: 200,
  local!horizontal: false,
  
  local!colors: #"_a-0000e4ce-d11d-8000-16d1-01ef9001ef90_17142"(),
  
  local!filtered: reject(#"_a-0000e4ce-d11d-8000-16d1-01ef9001ef90_16390", local!colors),

  local!imageDoc: #"_a-0000e4ce-d11d-8000-16d1-01ef9001ef90_12085"(
    hexColors: local!filtered.hexColor,
    distribution: local!filtered.dist,
    width: local!width,
    height: local!height,
    horizontal: local!horizontal,
    targetFolder: #"_a-0000e4ce-d11d-8000-16d1-01ef9001ef90_11030"
  ),
  
  #"SYSTEM_SYSRULES_headerContentLayout"(
    header: {
      #"SYSTEM_SYSRULES_billboardLayout_v1"(
        backgroundMedia: #"SYSTEM_SYSRULES_documentImage"(
          document: #"_a-0000e4ce-d11d-8000-16d1-01ef9001ef90_11697"(
            hexTopColor: #"_a-0000e4ce-d11d-8000-16d1-01ef9001ef90_14285",
            hexBottomColor: "#FFFFFF",
            billboardHeight: "AUTO",
            customWidth: 3840,
            customHeight: 50,
            targetFolder: #"_a-0000e4ce-d11d-8000-16d1-01ef9001ef90_11030"
          )
        ),
        backgroundColor: "#f0f0f0",
        height: "AUTO",
        marginBelow: "NONE"
      )
    },
    contents: {
      #"SYSTEM_SYSRULES_richTextDisplayField"(
        labelPosition: "COLLAPSED",
        value: {
          #"SYSTEM_SYSRULES_richTextHeader"(
            text: {
              "Sample Color Palettes"
            }
          )
        },
        align: "CENTER"
      ),
      #"SYSTEM_SYSRULES_columnsLayout"(
        columns: #"SYSTEM_SYSRULES_forEach"(
          items: #"_a-0000e4ce-d11d-8000-16d1-01ef9001ef90_21841"(),
          expression: a!localVariables(
            local!palette: fv!item.colors,
            
            #"SYSTEM_SYSRULES_columnLayout"(
              contents: #"SYSTEM_SYSRULES_imageField_v1"(
                images: #"SYSTEM_SYSRULES_documentImage"(
                  document: #"_a-0000e4ce-d11d-8000-16d1-01ef9001ef90_12085"(
                    hexColors: local!palette.hexColor,
                    distribution: local!palette.dist,
                    width: 150,
                    height: 75,
                    horizontal: false,
                    targetFolder: #"_a-0000e4ce-d11d-8000-16d1-01ef9001ef90_11030"
                  ),
                  link: #"SYSTEM_SYSRULES_dynamicLink"(
                    saveInto: a!save(local!colors, local!palette)
                  )
                ),
                align: "CENTER"
              )
            )
          )
        )
      ),
      
      #"SYSTEM_SYSRULES_columnsLayout"(
        columns: {
          #"SYSTEM_SYSRULES_columnLayout"(
            contents: {
              #"SYSTEM_SYSRULES_richTextDisplayField"(
                labelPosition: "COLLAPSED",
                value: {
                  #"SYSTEM_SYSRULES_richTextHeader"(
                    text: "Settings"
                  )
                },
                align: "CENTER"
              ),
              #"SYSTEM_SYSRULES_cardLayout"(
                contents: {
                  #"SYSTEM_SYSRULES_sectionLayout_v1"(
                    label: "",
                    contents: {}
                  ),

                  #"SYSTEM_SYSRULES_radioButtonField"(
                    label: "Orientation",
                    labelPosition: "ADJACENT",
                    choiceLabels: {"Vertical", "Horizontal"},
                    choiceValues: {false, true},
                    value:local!horizontal,
                    saveInto: local!horizontal,
                    required: true,
                    choiceLayout: "COMPACT",
                    validations: {}
                  ),
                  #"SYSTEM_SYSRULES_sideBySideLayout"(
                    items: {
                      #"SYSTEM_SYSRULES_sideBySideItem"(
                        item: #"SYSTEM_SYSRULES_integerField"(
                          label: "Width",
                          labelPosition: "ADJACENT",
                          value: local!width,
                          saveInto: local!width,
                          refreshAfter: "UNFOCUS",
                          required: true,
                          validations: {}
                        ),
                        width: "MINIMIZE"
                      )
                    }
                  ),
                  #"SYSTEM_SYSRULES_sideBySideLayout"(
                    items: {
                      #"SYSTEM_SYSRULES_sideBySideItem"(
                        item: #"SYSTEM_SYSRULES_integerField"(
                          label: "Height",
                          labelPosition: "ADJACENT",
                          value: local!height,
                          saveInto: local!height,
                          refreshAfter: "UNFOCUS",
                          required: true,
                          validations: {}
                        ),
                        width: "MINIMIZE"
                      )
                    }
                  )
                },
                style: "NONE",
                height: "MEDIUM",
                marginBelow: "STANDARD"
              )
            },
            width: "AUTO"
          ),
          #"SYSTEM_SYSRULES_columnLayout"(
            contents: {
              #"SYSTEM_SYSRULES_richTextDisplayField"(
                labelPosition: "COLLAPSED",
                value: {
                  #"SYSTEM_SYSRULES_richTextHeader"(
                    text: "Gradient Colors"
                  )
                },
                align: "CENTER"
              ),

              a!localVariables(
                local!indexes: enumerate(count(local!colors)) + 1,

                #"SYSTEM_SYSRULES_forEach"(
                  items: local!indexes,
                  expression: #"_a-0000e4ce-d11d-8000-16d1-01ef9001ef90_14779"(
                    colors: local!colors,
                    index: local!indexes[fv!index]
                  )
                )
              ),
              #"SYSTEM_SYSRULES_sideBySideLayout"(
                items: {
                  #"SYSTEM_SYSRULES_sideBySideItem"(
                    item: #"SYSTEM_SYSRULES_richTextDisplayField"(
                      labelPosition: "COLLAPSED",
                      value: {
                        " ",
                        char(10),
                        #"SYSTEM_SYSRULES_richTextItem_v1"(
                          text: {
                            #"SYSTEM_SYSRULES_richTextItem_v1"(
                              text: {
                                #"SYSTEM_SYSRULES_richTextIcon"(
                                  icon: "plus-square"
                                ),
                                " Add Color"
                              },
                              size: "MEDIUM"
                            )
                          },
                          link: #"SYSTEM_SYSRULES_dynamicLink"(
                            saveInto: {
                              a!save(local!colors, append(local!colors, {hexColor: "#000000", dist: null}))
                            },
                            showWhen: count(local!colors) &lt;= 11
                          ),
                          linkStyle: "STANDALONE"
                        )
                      }
                    )
                  ),
                  #"SYSTEM_SYSRULES_sideBySideItem"(
                    item: #"SYSTEM_SYSRULES_richTextDisplayField"(
                      labelPosition: "COLLAPSED",
                      value: {
                        " ",
                        char(10),
                        #"SYSTEM_SYSRULES_richTextItem_v1"(
                          text: {
                            #"SYSTEM_SYSRULES_richTextItem_v1"(
                              text: {
                                #"SYSTEM_SYSRULES_richTextIcon"(
                                  icon: "refresh"
                                ),
                                " Reverse Color Order"
                              },
                              size: "MEDIUM"
                            )
                          },
                          link: #"SYSTEM_SYSRULES_dynamicLink"(
                            saveInto: {
                              a!save(local!colors, #"634a827d-8df1-4280-9e36-46e6bd297a74"(colors: local!colors))
                            }
                          ),
                          linkStyle: "STANDALONE"
                        )
                      },
                      align: "RIGHT"
                    )
                  )
                }
              )
            }
          ),
          #"SYSTEM_SYSRULES_columnLayout"(
            contents: {
              #"SYSTEM_SYSRULES_richTextDisplayField"(
                labelPosition: "COLLAPSED",
                value: {
                  #"SYSTEM_SYSRULES_richTextHeader"(
                    text: "SAIL Expression"
                  )
                },
                align: "CENTER"
              ),
              /*a!paragraphField(*/
                /*value: "{ colors: { " &amp; joinarray(*/
                  /*a!forEach(*/
                    /*items: local!filtered,*/
                    /*expression: "{ hexColor: """ &amp; fv!item.hexColor &amp; """, dist: " &amp; text(fv!item.dist, "0.00") &amp; " }"*/
                  /*),*/
                  /*", "*/
                /*) &amp;*/
                /*" } },"*/
              /*),*/
              #"SYSTEM_SYSRULES_sideBySideLayout"(
                items: {
                  #"SYSTEM_SYSRULES_sideBySideItem"(
                    item: {},
                    width: "AUTO"
                  ),
                  #"SYSTEM_SYSRULES_sideBySideItem"(
                    item: #"_a-0000e4ce-d11d-8000-16d1-01ef9001ef90_20502"(
                      colors: local!filtered,
                      width: local!width,
                      height: local!height,
                      horizontal: local!horizontal                          
                    ),
                    width: "MINIMIZE"
                  ),
                  #"SYSTEM_SYSRULES_sideBySideItem"(
                    item: {}
                  )
                }
              )
            },
            width: "AUTO"
          )
        }
      ),
      #"SYSTEM_SYSRULES_sectionLayout_v1"(
        label: "",
        contents: {
          #"SYSTEM_SYSRULES_richTextDisplayField"(
            labelPosition: "COLLAPSED",
            value: {
              #"SYSTEM_SYSRULES_richTextHeader"(
                text: "Gradient Image Preview"
              )
            },
            align: "CENTER"
          )
        },
        divider: "NONE"
      ),        
      #"SYSTEM_SYSRULES_imageField_v1"(
        labelPosition: "COLLAPSED",
        images: {
          #"SYSTEM_SYSRULES_documentImage"(
            document: local!imageDoc,
            link: #"SYSTEM_SYSRULES_documentDownloadLink"(
              document: local!imageDoc
            )
          )
        },
        size: "FIT",
        isThumbnail: false,
        style: "STANDARD",
        align: "CENTER"
      )
    }
  )
)</definition>
        <preferredEditor>interface</preferredEditor>
        <offlineEnabled>false</offlineEnabled>
    </rule>
    <roleMap public="true">
        <role inherit="true" allowForAll="false" name="readers">
            <users/>
            <groups/>
        </role>
        <role inherit="true" allowForAll="false" name="authors">
            <users/>
            <groups/>
        </role>
        <role inherit="true" allowForAll="false" name="administrators">
            <users/>
            <groups/>
        </role>
        <role inherit="false" allowForAll="false" name="denyReaders">
            <users/>
            <groups/>
        </role>
        <role inherit="false" allowForAll="false" name="denyAuthors">
            <users/>
            <groups/>
        </role>
        <role inherit="false" allowForAll="false" name="denyAdministrators">
            <users/>
            <groups/>
        </role>
    </roleMap>
    <history>
        <historyInfo versionUuid="_a-0000e4ce-d11d-8000-16d1-01ef9001ef90_25170"/>
        <historyInfo versionUuid="_a-0000e4ce-d11d-8000-16d1-01ef9001ef90_25791"/>
    </history>
</contentHaul>
