<?xml version="1.0" encoding="UTF-8" standalone="yes"?>
<contentHaul xmlns:a="http://www.appian.com/ae/types/2009">
    <versionUuid>_a-0000e4ce-d11d-8000-16d1-01ef9001ef90_25533</versionUuid>
    <decision>
        <name>GRAD_Decision_BillboardSizes</name>
        <uuid>f8516c78-1a0f-4fdb-bc83-4467b4ecec3d</uuid>
        <description>The sizes in pixels of Appian's Billboard Layout "billboardHeight" values</description>
        <parentUuid>_a-0000e4ce-d11d-8000-16d1-01ef9001ef90_11011</parentUuid>
        <visibility>
            <advertise>false</advertise>
            <hierarchy>true</hierarchy>
            <indexable>true</indexable>
            <quota>false</quota>
            <searchable>true</searchable>
            <system>false</system>
            <unlogged>false</unlogged>
        </visibility>
        <definition>fn!override_exception_appian_internal(fn!with(local!decisiondefinition: a!decisiondesigner_cache(uuid: "f8516c78-1a0f-4fdb-bc83-4467b4ecec3d",versionKey: "4e87b857-c907-4a21-ae3e-306dc4818c21",value: #"SYSTEM_SYSRULES_dd_dd"('hitPolicy': #"SYSTEM_SYSRULES_dd_dhp"("UNIQUE"), 'inputs': {#"SYSTEM_SYSRULES_dd_di"('name': "billboardHeight", 'type': 'type!{http://www.appian.com/ae/types/2009}Text', 'id': 1, 'restrictionType': #"SYSTEM_SYSRULES_dd_dirt"("NONE"))}, 'outputs': {#"SYSTEM_SYSRULES_dd_do"('id': 1, 'name': "height", 'type': 'type!{http://www.appian.com/ae/types/2009}Integer', 'restrictionType': #"SYSTEM_SYSRULES_dd_dort"("NONE"), 'returnListType': false)}, 'rules': {#"SYSTEM_SYSRULES_dd_dr"('id': 1, 'inputs': {#"SYSTEM_SYSRULES_dd_dri"('id': 1, 'decisionInputId': 1, 'operator': #"SYSTEM_SYSRULES_dd_dop"('operator': #"SYSTEM_SYSRULES_dd_dopt"("EQUALS"), 'value1': "SHORT"))}, 'outputs': {#"SYSTEM_SYSRULES_dd_dro"('id': 1, 'decisionOutputId': 1, 'value': 200)}), #"SYSTEM_SYSRULES_dd_dr"('id': 2, 'inputs': {#"SYSTEM_SYSRULES_dd_dri"('id': 3, 'decisionInputId': 1, 'operator': #"SYSTEM_SYSRULES_dd_dop"('operator': #"SYSTEM_SYSRULES_dd_dopt"("EQUALS"), 'value1': "MEDIUM"))}, 'outputs': {#"SYSTEM_SYSRULES_dd_dro"('id': 2, 'decisionOutputId': 1, 'value': 300)}), #"SYSTEM_SYSRULES_dd_dr"('id': 3, 'inputs': {#"SYSTEM_SYSRULES_dd_dri"('id': 5, 'decisionInputId': 1, 'operator': #"SYSTEM_SYSRULES_dd_dop"('operator': #"SYSTEM_SYSRULES_dd_dopt"("EQUALS"), 'value1': "TALL"))}, 'outputs': {#"SYSTEM_SYSRULES_dd_dro"('id': 3, 'decisionOutputId': 1, 'value': 450)})}, 'isUnique': true, 'defaultOutputs': {#"SYSTEM_SYSRULES_dd_dro"('id': 1, 'decisionOutputId': 1)})),#"SYSTEM_SYSRULES_dd_exr"(decisionDefinition:local!decisiondefinition,executionInputs:{#"SYSTEM_SYSRULES_dd_dei"(decisionInputId:1,value:'ri!billboardHeight')})))</definition>
        <namedTypedValue>
            <name>billboardHeight</name>
            <type>
                <name>string</name>
                <namespace>http://www.w3.org/2001/XMLSchema</namespace>
            </type>
            <value/>
        </namedTypedValue>
        <preferredEditor>legacy</preferredEditor>
        <offlineEnabled>false</offlineEnabled>
        <outputMetadataList>
            <outputMetadata>
                <outputId>1</outputId>
                <nameRef>height</nameRef>
                <typeName>{http://www.appian.com/ae/types/2009}Integer</typeName>
            </outputMetadata>
        </outputMetadataList>
        <hitPolicy>UNIQUE</hitPolicy>
    </decision>
    <roleMap public="true">
        <role inherit="true" allowForAll="false" name="readers">
            <users/>
            <groups/>
        </role>
        <role inherit="true" allowForAll="false" name="authors">
            <users/>
            <groups/>
        </role>
        <role inherit="true" allowForAll="false" name="administrators">
            <users/>
            <groups/>
        </role>
        <role inherit="false" allowForAll="false" name="denyReaders">
            <users/>
            <groups/>
        </role>
        <role inherit="false" allowForAll="false" name="denyAuthors">
            <users/>
            <groups/>
        </role>
        <role inherit="false" allowForAll="false" name="denyAdministrators">
            <users/>
            <groups/>
        </role>
    </roleMap>
    <history>
        <historyInfo versionUuid="_a-0000e4ce-d11d-8000-16d1-01ef9001ef90_13712"/>
        <historyInfo versionUuid="_a-0000e4ce-d11d-8000-16d1-01ef9001ef90_25533"/>
    </history>
</contentHaul>
