<?xml version="1.0" encoding="UTF-8" standalone="yes"?>
<groupHaul xmlns:a="http://www.appian.com/ae/types/2009">
    <versionUuid>_e-0000e431-019e-8000-9aee-01075c01075c_33</versionUuid>
    <group>
        <name>All Users</name>
        <securityMap>SECURITYMAP_PUBLIC</securityMap>
        <uuid>_e-0000d398-70cf-8000-9aee-01075c01075c_6</uuid>
        <groupTypeUuid>SYSTEM_GROUP_TYPE_CUSTOM</groupTypeUuid>
        <description>A group containing all users on the system.</description>
        <delegatedCreation>false</delegatedCreation>
        <memberPolicy>MEMBERPOLICY_AUTOMATIC</memberPolicy>
        <viewingPolicy>VIEWINGPOLICY_LOW</viewingPolicy>
        <attributes/>
    </group>
    <members>
        <users/>
        <groups/>
    </members>
    <admins>
        <users>
            <userUuid>Administrator</userUuid>
        </users>
        <groups/>
    </admins>
    <ruleSet>
        <expressions>
            <entityTypeName>u</entityTypeName>
            <conditions>
                <attributeName>username</attributeName>
                <operatorId>6</operatorId>
                <value>!@#</value>
            </conditions>
        </expressions>
    </ruleSet>
    <history>
        <historyInfo versionUuid="_e-0000e044-c977-8000-9aee-01075c01075c_357"/>
        <historyInfo versionUuid="_e-0000e1e3-44de-8000-9aee-01075c01075c_37"/>
        <historyInfo versionUuid="_e-0000e1c6-3c9b-8000-9aee-01075c01075c_77"/>
        <historyInfo versionUuid="_e-0000e291-b439-8000-9aee-01075c01075c_100"/>
        <historyInfo versionUuid="_e-0000e2ad-5dba-8000-9aee-01075c01075c_539"/>
        <historyInfo versionUuid="_e-0000e431-019e-8000-9aee-01075c01075c_33"/>
    </history>
</groupHaul>
