<?xml version="1.0" encoding="UTF-8" standalone="yes"?>
<processModelFolderHaul xmlns:a="http://www.appian.com/ae/types/2009">
    <versionUuid>_g-0000e4ce-d11d-8000-1767-014d98014d98_22</versionUuid>
    <processModelFolder>
        <name>Generate Gradient Image</name>
        <uuid>_g-0000e4ce-d11d-8000-1767-014d98014d98_18</uuid>
        <description>Process models related to the Generate Gradient Image application</description>
    </processModelFolder>
    <roleMap>
        <role name="ADMIN_OWNER">
            <users/>
            <groups/>
        </role>
        <role name="EDITOR">
            <users/>
            <groups/>
        </role>
        <role name="EXPLICIT_NONMEMBER">
            <users/>
            <groups/>
        </role>
        <role name="VIEWER">
            <users/>
            <groups/>
        </role>
        <role name="MANAGER">
            <users/>
            <groups/>
        </role>
        <role name="INITIATOR">
            <users/>
            <groups/>
        </role>
    </roleMap>
    <history>
        <historyInfo versionUuid="_g-0000e4ce-d11d-8000-1767-014d98014d98_20"/>
        <historyInfo versionUuid="_g-0000e4ce-d11d-8000-1767-014d98014d98_22"/>
    </history>
</processModelFolderHaul>
