<?xml version="1.0" encoding="UTF-8" standalone="yes"?>
<applicationHaul xmlns:a="http://www.appian.com/ae/types/2009">
    <versionUuid>_a-0000e4ce-d11d-8000-16d1-01ef9001ef90_26789</versionUuid>
    <application>
        <name>Generate Gradient Image</name>
        <uuid>_a-0000e4ce-d11d-8000-16d1-01ef9001ef90_11005</uuid>
        <description></description>
        <parentUuid>SYSTEM_APPLICATIONS_ROOT</parentUuid>
        <visibility>
            <advertise>false</advertise>
            <hierarchy>true</hierarchy>
            <indexable>true</indexable>
            <quota>false</quota>
            <searchable>true</searchable>
            <system>false</system>
            <unlogged>false</unlogged>
        </visibility>
        <urlIdentifier>0HwLpw</urlIdentifier>
        <published>false</published>
        <public>true</public>
        <associatedObjects>
            <globalIdMap>
                <item>
                    <type>datatype</type>
                    <uuids/>
                </item>
                <item>
                    <type>dataStore</type>
                    <uuids/>
                </item>
                <item>
                    <type>user</type>
                    <uuids/>
                </item>
                <item>
                    <type>groupType</type>
                    <uuids/>
                </item>
                <item>
                    <type>group</type>
                    <uuids>
                        <uuid>_e-0000d398-70cf-8000-9aee-01075c01075c_6</uuid>
                    </uuids>
                </item>
                <item>
                    <type>content</type>
                    <uuids>
                        <uuid>_a-0000e4ce-d11d-8000-16d1-01ef9001ef90_14297</uuid>
                        <uuid>_a-0000e4ce-d11d-8000-16d1-01ef9001ef90_14285</uuid>
                        <uuid>_a-0000e4ce-d11d-8000-16d1-01ef9001ef90_11030</uuid>
                        <uuid>_a-0000e4ce-d11d-8000-16d1-01ef9001ef90_12085</uuid>
                        <uuid>_a-0000e4ce-d11d-8000-16d1-01ef9001ef90_11011</uuid>
                        <uuid>_a-0000e4ce-d11d-8000-16d1-01ef9001ef90_11024</uuid>
                        <uuid>350d73bf-33e7-4c6e-923b-d356d57eb4f5</uuid>
                        <uuid>_a-0000e4ce-d11d-8000-16d1-01ef9001ef90_15840</uuid>
                        <uuid>_a-0000e4ce-d11d-8000-16d1-01ef9001ef90_12102</uuid>
                        <uuid>_a-0000e4ce-d11d-8000-16d1-01ef9001ef90_26060</uuid>
                        <uuid>_a-0000e4ce-d11d-8000-16d1-01ef9001ef90_11017</uuid>
                        <uuid>_a-0000e4ce-d11d-8000-16d1-01ef9001ef90_17142</uuid>
                        <uuid>_a-0000e4ce-d11d-8000-16d1-01ef9001ef90_21841</uuid>
                        <uuid>_a-0000e4ce-d11d-8000-16d1-01ef9001ef90_16390</uuid>
                        <uuid>_a-0000e4ce-d11d-8000-16d1-01ef9001ef90_20858</uuid>
                        <uuid>_a-0000e4ce-d11d-8000-16d1-01ef9001ef90_20502</uuid>
                        <uuid>_a-0000e4ce-d11d-8000-16d1-01ef9001ef90_14291</uuid>
                        <uuid>_a-0000e4ce-d11d-8000-16d1-01ef9001ef90_11946</uuid>
                        <uuid>_a-0000e4ce-d11d-8000-16d1-01ef9001ef90_11697</uuid>
                        <uuid>_a-0000e4ce-d11d-8000-16d1-01ef9001ef90_14779</uuid>
                        <uuid>634a827d-8df1-4280-9e36-46e6bd297a74</uuid>
                        <uuid>_a-0000e4ce-d11d-8000-16d1-01ef9001ef90_14882</uuid>
                        <uuid>f8516c78-1a0f-4fdb-bc83-4467b4ecec3d</uuid>
                        <uuid>7d6240ff-8e47-4574-8510-61fe844223da</uuid>
                        <uuid>_a-0000e4ce-d11d-8000-16d1-01ef9001ef90_26600</uuid>
                        <uuid>_a-0000e4ce-d11d-8000-16d1-01ef9001ef90_17375</uuid>
                    </uuids>
                </item>
                <item>
                    <type>forum</type>
                    <uuids/>
                </item>
                <item>
                    <type>processModelFolder</type>
                    <uuids>
                        <uuid>_g-0000e4ce-d11d-8000-1767-014d98014d98_18</uuid>
                    </uuids>
                </item>
                <item>
                    <type>processModel</type>
                    <uuids>
                        <uuid>0002e50a-0047-8000-17c0-014d98014d98</uuid>
                    </uuids>
                </item>
                <item>
                    <type>portlet</type>
                    <uuids/>
                </item>
                <item>
                    <type>page</type>
                    <uuids/>
                </item>
                <item>
                    <type>application</type>
                    <uuids/>
                </item>
                <item>
                    <type>tempoFeed</type>
                    <uuids/>
                </item>
                <item>
                    <type>recordType</type>
                    <uuids/>
                </item>
                <item>
                    <type>tempoReport</type>
                    <uuids>
                        <uuid>c0fd6462-62d0-4bd1-9e07-7f7c5ce7e807</uuid>
                        <uuid>041c7d81-a972-417c-a5bf-7ad5abf7136f</uuid>
                    </uuids>
                </item>
                <item>
                    <type>taskReport</type>
                    <uuids/>
                </item>
                <item>
                    <type>webApi</type>
                    <uuids/>
                </item>
                <item>
                    <type>site</type>
                    <uuids>
                        <uuid>53e01715-ebb4-4847-872d-c8532faadfb0</uuid>
                    </uuids>
                </item>
                <item>
                    <type>adminSetting</type>
                    <uuids/>
                </item>
                <item>
                    <type>thirdPartyCredentials</type>
                    <uuids/>
                </item>
                <item>
                    <type>dataSource</type>
                    <uuids/>
                </item>
                <item>
                    <type>embeddedSailTheme</type>
                    <uuids/>
                </item>
                <item>
                    <type>connectedSystem</type>
                    <uuids/>
                </item>
            </globalIdMap>
        </associatedObjects>
        <applicationNavigation/>
        <applicationActions/>
        <associatedApplications>
            <globalIdMap>
                <item>
                    <type>datatype</type>
                    <uuids/>
                </item>
                <item>
                    <type>dataStore</type>
                    <uuids/>
                </item>
                <item>
                    <type>user</type>
                    <uuids/>
                </item>
                <item>
                    <type>groupType</type>
                    <uuids/>
                </item>
                <item>
                    <type>group</type>
                    <uuids/>
                </item>
                <item>
                    <type>content</type>
                    <uuids/>
                </item>
                <item>
                    <type>forum</type>
                    <uuids/>
                </item>
                <item>
                    <type>processModelFolder</type>
                    <uuids/>
                </item>
                <item>
                    <type>processModel</type>
                    <uuids/>
                </item>
                <item>
                    <type>portlet</type>
                    <uuids/>
                </item>
                <item>
                    <type>page</type>
                    <uuids/>
                </item>
                <item>
                    <type>application</type>
                    <uuids/>
                </item>
                <item>
                    <type>tempoFeed</type>
                    <uuids/>
                </item>
                <item>
                    <type>recordType</type>
                    <uuids/>
                </item>
                <item>
                    <type>tempoReport</type>
                    <uuids/>
                </item>
                <item>
                    <type>taskReport</type>
                    <uuids/>
                </item>
                <item>
                    <type>webApi</type>
                    <uuids/>
                </item>
                <item>
                    <type>site</type>
                    <uuids/>
                </item>
                <item>
                    <type>adminSetting</type>
                    <uuids/>
                </item>
                <item>
                    <type>thirdPartyCredentials</type>
                    <uuids/>
                </item>
                <item>
                    <type>dataSource</type>
                    <uuids/>
                </item>
                <item>
                    <type>embeddedSailTheme</type>
                    <uuids/>
                </item>
                <item>
                    <type>connectedSystem</type>
                    <uuids/>
                </item>
            </globalIdMap>
        </associatedApplications>
    </application>
    <roleMap>
        <contentRoleMap public="true">
            <role inherit="false" allowForAll="true" name="readers">
                <users/>
                <groups/>
            </role>
            <role inherit="false" allowForAll="false" name="authors">
                <users/>
                <groups/>
            </role>
            <role inherit="false" allowForAll="false" name="administrators">
                <users/>
                <groups/>
            </role>
            <role inherit="false" allowForAll="false" name="denyReaders">
                <users/>
                <groups/>
            </role>
            <role inherit="false" allowForAll="false" name="denyAuthors">
                <users/>
                <groups/>
            </role>
            <role inherit="false" allowForAll="false" name="denyAdministrators">
                <users/>
                <groups/>
            </role>
        </contentRoleMap>
    </roleMap>
    <history>
        <historyInfo versionUuid="_a-0000e4ce-d11d-8000-16d1-01ef9001ef90_21846"/>
        <historyInfo versionUuid="_a-0000e4ce-d11d-8000-16d1-01ef9001ef90_26065"/>
        <historyInfo versionUuid="_a-0000e4ce-d11d-8000-16d1-01ef9001ef90_26789"/>
    </history>
</applicationHaul>
