<?xml version="1.0" encoding="UTF-8"?>
<siteHaul xmlns:a="http://www.appian.com/ae/types/2009" xmlns:xsi="http://www.w3.org/2001/XMLSchema-instance">
  <versionUuid>a06f4151-314f-46b9-8ad8-838189dce93f</versionUuid>
  <site a:uuid="53e01715-ebb4-4847-872d-c8532faadfb0" name="Gradient Image Generator">
    <description>Site with examples for using the Gradient Image Generator plugin</description>
    <urlStub>gradient-image-generator</urlStub>
    <page>
      <staticName>Billboard Designer</staticName>
      <description/>
      <urlStub>billboard-gradient-designer</urlStub>
      <uiObject a:uuid="c0fd6462-62d0-4bd1-9e07-7f7c5ce7e807" xsi:type="a:TempoReport"/>
      <iconId>f1de</iconId>
      <visibilityExpr>fn!true()</visibilityExpr>
      <pageWidth>FULL</pageWidth>
    </page>
    <page>
      <staticName>Gradient Designer</staticName>
      <description/>
      <urlStub>gradient-image-designer</urlStub>
      <uiObject a:uuid="041c7d81-a972-417c-a5bf-7ad5abf7136f" xsi:type="a:TempoReport"/>
      <iconId>f1c5</iconId>
      <visibilityExpr>fn!true()</visibilityExpr>
      <pageWidth>FULL</pageWidth>
    </page>
    <page>
      <staticName>Clear Cache</staticName>
      <description/>
      <urlStub>clear-cache</urlStub>
      <uiObject a:uuid="0002e50a-0047-8000-17c0-014d98014d98" xsi:type="a:ProcessModel"/>
      <iconId>f00d</iconId>
      <visibilityExpr>fn!true()</visibilityExpr>
      <pageWidth>FULL</pageWidth>
    </page>
    <visibility>805306368</visibility>
    <headerBackgroundColor>#404d84</headerBackgroundColor>
    <selectedTabBackgroundColor/>
    <faviconRef a:uuid="SYSTEM_CONTENT_SITES_DEFAULT_FAVICON" xsi:type="a:CollaborationDocument"/>
    <faviconHref/>
    <logoHref/>
    <headerBackgroundColorExpr/>
    <selectedTabBackgroundColorExpr>#"_a-0000e4ce-d11d-8000-16d1-01ef9001ef90_14285"</selectedTabBackgroundColorExpr>
    <accentColor/>
    <accentColorExpr>#"_a-0000e4ce-d11d-8000-16d1-01ef9001ef90_14297"</accentColorExpr>
    <logoExpr>#"_a-0000e4ce-d11d-8000-16d1-01ef9001ef90_12085"(
  hexColors: {"#63502d", "#d6c735", "#c18d2a", "#46509c", "#5c8958"},
  distribution: {0.0, 0.25, 0.5, 0.75,  1.0},
  width: 200,
  height: 75,
  horizontal: true,
  targetFolder: #"_a-0000e4ce-d11d-8000-16d1-01ef9001ef90_11030"
)</logoExpr>
    <faviconExpr/>
    <showName>true</showName>
    <tempoLinkVisibility>HIDDEN</tempoLinkVisibility>
    <showRecordNews>true</showRecordNews>
    <tasksInSitesVisibility>HIDDEN</tasksInSitesVisibility>
    <buttonShape>SEMI_ROUNDED</buttonShape>
    <isSystem>false</isSystem>
  </site>
  <roleMap/>
  <history>
    <historyInfo versionUuid="a06f4151-314f-46b9-8ad8-838189dce93f"/>
  </history>
</siteHaul>
